{"879_792_357": 5.389491558074951, "189_889_479": 6.595117568969727, "889_479_792": 10.066822052001953, "479_792_357": 15.35224723815918, "514_151_357": 19.93838882446289, "90_396_151": 26.003761291503906, "396_151_357": 29.989849090576172, "361_562_357": 34.75687789916992, "469_40_357": 39.767433166503906, "912_624_557": 44.82394027709961, "624_557_357": 47.22303009033203, "626_418_40": 50.66636276245117, "418_40_357": 60.48917007446289, "373_87_40": 64.16341400146484, "87_40_357": 69.06990814208984, "871_557_357": 73.38137817382812, "741_259_436": 75.96229553222656, "259_436_357": 79.45834350585938, "707_334_357": 85.10765838623047, "210_926_357": 92.66958618164062, "504_40_357": 97.39647674560547, "530_418_40": 101.78843688964844, "931_334_357": 106.54900360107422, "594_40_357": 111.60576629638672, "99_40_357": 116.3451156616211, "406_40_357": 121.36365509033203, "796_640_788": 124.38544464111328, "640_788_357": 128.63241577148438, "22_601_40": 132.28805541992188, "601_40_357": 136.9923095703125, "39_909_1021": 144.6508331298828, "909_1021_10": 146.43865966796875, "1021_10_357": 7.347005844116211, "739_624_557": 9.506011009216309, "25_175_357": 14.488794326782227, "496_345_1021": 17.205739974975586, "345_1021_10": 22.75844955444336, "46_792_357": 28.187837600708008, "152_773_357": 31.529766082763672, "731_562_357": 36.26398468017578, "941_177_175": 37.70456314086914, "177_175_357": 44.677513122558594, "376_58_144": 48.28759765625, "58_144_357": 50.17525100708008, "997_933_58": 56.38690185546875, "933_58_144": 65.15428161621094, "384_926_357": 69.84738159179688, "166_323_144": 72.45431518554688, "323_144_357": 76.53600311279297, "608_596_40": 78.86860656738281, "596_40_357": 86.89706420898438, "220_909_1021": 91.2848129272461, "111_1026_712": 92.93980407714844, "1026_712_357": 98.26544952392578, "241_624_557": 104.06021118164062, "874_792_357": 108.86338806152344, "839_151_357": 114.22750854492188, "33_792_357": 120.02459716796875, "1056_84_562": 122.23616027832031, "84_562_357": 128.9783935546875, "31_773_357": 132.38037109375, "549_396_151": 135.7521514892578, "269_926_357": 141.3121795654297, "937_42_788": 143.32032775878906, "42_788_357": 5.674601078033447, "681_582_148": 9.730926513671875, "582_148_175": 15.95711898803711, "148_175_357": 21.1480655670166, "161_909_1021": 23.72964096069336, "970_396_151": 27.68346405029297, "598_10_357": 33.168399810791016, "516_42_788": 34.90892791748047, "867_697_357": 38.41025161743164, "425_396_151": 41.640228271484375, "257_926_357": 45.40831756591797, "138_926_357": 49.602012634277344, "378_788_357": 53.10978698730469, "326_436_357": 56.256473541259766, "901_1009_175": 58.54672622680664, "1009_175_357": 62.808536529541016, "961_436_357": 66.18733978271484, "612_792_357": 70.68702697753906, "448_489_175": 74.13177490234375, "489_175_357": 80.2275619506836, "863_422_10": 85.30465698242188, "422_10_357": 89.45897674560547, "57_909_1021": 92.32630157470703, "180_792_357": 97.00421142578125, "319_837_723": 101.50652313232422, "837_723_40": 110.45188903808594, "723_40_357": 117.22305297851562, "993_562_357": 121.50159454345703, "737_148_175": 126.03240966796875, "592_334_357": 129.25299072265625, "1044_467_773": 132.48927307128906, "467_773_357": 137.79660034179688, "1064_40_357": 3.05377197265625, "1048_641_773": 5.809304237365723, "641_773_357": 9.843182563781738, "1065_142_562": 15.454252243041992, "142_562_357": 19.676515579223633, "798_137_345": 21.632953643798828, "137_345_1021": 25.697240829467773, "526_144_357": 28.97750473022461, "488_1026_712": 30.978675842285156, "98_342_926": 32.814483642578125, "342_926_357": 36.192691802978516, "405_40_357": 40.44375991821289, "410_792_357": 44.222164154052734, "174_151_357": 48.801700592041016, "780_151_357": 51.97129821777344, "482_562_357": 56.19595718383789, "92_601_40": 58.42841339111328, "818_926_357": 61.55863952636719, "609_248_933": 66.92110443115234, "248_933_58": 74.91119384765625, "167_436_357": 77.93260192871094, "919_712_357": 81.19268035888672, "498_396_151": 83.95014190673828, "336_792_357": 87.07478332519531, "38_909_1021": 89.27625274658203, "423_624_557": 91.399658203125, "556_651_151": 97.78938293457031, "651_151_357": 101.61766052246094, "630_1003_792": 103.89502716064453, "1003_792_357": 109.33674621582031, "414_582_148": 113.42488861083984, "64_712_357": 116.49451446533203, "1016_396_151": 5.360032558441162, "600_148_175": 7.9190778732299805, "990_151_357": 12.07661247253418, "1002_562_357": 15.817769050598145, "849_674_712": 18.31641387939453, "674_712_357": 22.16961669921875, "279_334_357": 26.175365447998047, "296_501_712": 28.268260955810547, "501_712_357": 31.259357452392578, "860_712_357": 35.02881622314453, "60_596_40": 37.242408752441406, "430_334_357": 41.57164001464844, "286_933_58": 46.054779052734375, "93_792_357": 49.06255340576172, "980_562_357": 52.83644485473633, "1046_142_562": 56.92315673828125, "85_933_58": 59.765724182128906, "733_334_357": 63.77023696899414, "200_723_40": 66.95820617675781, "105_58_144": 68.8779525756836, "787_773_357": 71.44182586669922, "70_248_933": 75.6656265258789, "1050_774_562": 78.52852630615234, "774_562_357": 81.37100982666016, "803_933_58": 85.23450469970703, "412_712_357": 88.20999145507812, "283_792_357": 92.09193420410156, "950_792_357": 94.7017593383789, "461_773_357": 97.42101287841797, "1005_926_357": 100.7560806274414, "952_151_357": 104.04965209960938, "83_837_723": 108.35407257080078}